Musteri_ID,Yas,Cinsiyet,Uyelik_Suresi_Ay,Toplam_Harcama_TL,Son_Alisveristen_Gecen_Gun,Destek_Talebi_Sayisi,Sepette_Urun_Birakma_Sayisi,Churn
1001,56,Kadin,58,3859.19,104,1,5,1
1002,46,Erkek,23,13615.1,68,7,4,1
1003,32,Erkek,26,5772.45,111,7,4,0
1004,60,Erkek,34,796.96,95,5,0,0
1005,25,Kadin,46,6409.44,28,5,2,0
1006,38,Kadin,34,24408.91,75,3,1,0
1007,56,Kadin,29,20137.66,107,6,0,0
1008,36,Kadin,4,24009.63,65,0,3,0
1009,40,Kadin,17,12452.42,49,7,2,0
1010,28,Kadin,35,3188.54,47,3,5,1
1011,28,Kadin,13,13925.01,52,6,2,1
1012,41,Kadin,41,11632.24,102,3,3,0
1013,53,Erkek,39,21186.75,88,3,3,0
1014,57,Erkek,15,2903.02,54,0,3,0
1015,41,Kadin,55,12461.91,60,0,1,0
1016,20,Kadin,29,4176.19,57,4,4,0
1017,39,Erkek,29,8454.56,47,1,2,0
1018,19,Kadin,11,18565.25,31,1,4,0
1019,41,Kadin,52,12162.44,105,4,4,0
1020,61,Kadin,32,9709.26,46,4,5,0
1021,47,Erkek,2,10164.67,114,5,3,0
1022,55,Erkek,47,11756.45,26,6,1,0
1023,19,Erkek,14,19732.91,113,3,5,1
1024,38,Erkek,20,22356.07,114,7,0,0
1025,50,Erkek,22,23905.7,5,4,1,0
1026,29,Kadin,11,19779.13,84,2,4,0
1027,39,Erkek,27,8227.47,52,1,1,0
1028,61,Kadin,3,17359.3,105,4,3,0
1029,42,Kadin,17,11221.28,75,2,0,0
1030,44,Erkek,44,6739.43,54,2,3,0
1031,59,Erkek,56,21101.35,33,2,0,1
1032,45,Kadin,28,1441.45,50,5,5,0
1033,33,Kadin,29,22593.17,38,5,4,0
1034,32,Kadin,21,11806.2,27,7,0,0
1035,64,Erkek,47,16111.44,98,7,0,0
1036,61,Erkek,16,16654.17,15,2,0,0
1037,20,Erkek,37,22430.38,96,6,1,0
1038,54,Erkek,59,16098.41,61,5,5,0
1039,24,Erkek,20,15541.37,21,3,1,0
1040,38,Kadin,6,2132.97,46,2,4,0
1041,26,Erkek,19,13201.0,69,3,0,0
1042,56,Kadin,57,4179.14,6,3,5,0
1043,35,Kadin,5,18567.13,38,2,5,0
1044,21,Kadin,3,13049.44,62,1,2,1
1045,42,Erkek,59,17165.58,86,6,4,0
1046,31,Erkek,1,1520.99,62,2,5,0
1047,26,Erkek,58,2577.4,82,7,0,0
1048,43,Kadin,38,18049.92,78,2,0,0
1049,19,Kadin,15,2266.07,74,5,5,0
1050,37,Kadin,34,2245.79,46,2,1,1
1051,45,Kadin,35,796.66,13,1,4,0
1052,64,Kadin,49,23934.28,95,5,0,0
1053,24,Kadin,25,18568.95,94,7,5,0
1054,61,Erkek,24,9154.66,3,0,0,0
1055,25,Erkek,12,7765.12,94,0,5,0
1056,64,Erkek,18,9067.73,6,3,4,0
1057,52,Erkek,15,19479.01,93,6,5,0
1058,31,Kadin,44,16703.58,8,3,2,0
1059,34,Kadin,16,5037.29,44,1,5,0
1060,53,Erkek,27,4765.68,109,4,5,0
1061,57,Kadin,8,2910.69,107,7,4,0
1062,21,Erkek,46,16677.42,108,6,5,0
1063,19,Erkek,25,19227.13,33,7,4,0
1064,23,Erkek,17,6993.64,81,0,2,0
1065,59,Kadin,29,1013.15,112,3,4,0
1066,21,Erkek,53,2513.21,75,7,0,0
1067,46,Erkek,8,24212.57,77,0,4,0
1068,35,Erkek,15,7738.4,50,1,2,0
1069,43,Kadin,27,19345.97,11,1,3,0
1070,61,Kadin,46,15804.26,95,4,5,1
1071,51,Erkek,50,9857.52,28,7,4,0
1072,27,Kadin,52,5539.34,108,4,5,0
1073,53,Kadin,7,3473.97,70,5,1,0
1074,31,Kadin,3,15567.82,41,6,0,0
1075,48,Kadin,29,19478.53,16,7,0,0
1076,32,Kadin,44,16275.65,68,1,1,0
1077,25,Kadin,53,13492.4,99,3,1,1
1078,31,Kadin,24,1527.8,48,0,4,0
1079,40,Kadin,58,24227.98,56,2,1,0
1080,57,Kadin,3,20068.5,64,4,3,0
1081,38,Kadin,20,7674.14,59,2,5,0
1082,33,Erkek,46,24509.27,90,7,5,0
1083,62,Erkek,15,15246.1,62,3,2,1
1084,35,Kadin,25,14769.36,76,4,1,0
1085,64,Erkek,30,18827.79,11,2,1,0
1086,41,Erkek,14,20388.36,101,6,3,1
1087,43,Kadin,7,16583.73,89,3,0,0
1088,42,Kadin,17,3638.35,18,0,0,0
1089,62,Kadin,44,8787.55,19,6,5,0
1090,58,Erkek,20,23238.05,87,3,5,0
1091,46,Erkek,36,6003.08,55,5,4,0
1092,32,Kadin,9,9618.09,102,4,3,0
1093,62,Kadin,38,11085.88,118,1,2,1
1094,18,Kadin,48,11265.42,82,0,2,0
1095,42,Erkek,57,15517.02,26,7,3,0
1096,24,Erkek,22,23605.36,6,6,2,0
1097,26,Erkek,54,6396.97,4,6,0,0
1098,41,Erkek,53,3476.78,108,2,2,0
1099,18,Kadin,53,5338.03,115,4,2,0
1100,61,Kadin,2,22229.66,29,7,3,0
1101,25,Kadin,24,16322.36,59,1,3,1
1102,41,Kadin,8,7504.72,98,3,2,1
1103,28,Erkek,11,20490.7,17,1,1,1
1104,34,Erkek,13,21603.56,107,4,3,0
1105,25,Kadin,17,21239.6,43,4,4,0
1106,52,Kadin,8,23013.7,117,5,4,0
1107,52,Erkek,21,6679.9,80,5,0,0
1108,50,Kadin,18,18998.53,66,1,2,0
1109,22,Erkek,30,11783.22,34,3,1,0
1110,59,Kadin,18,21128.96,119,1,0,0
1111,56,Kadin,46,18348.02,8,4,2,0
1112,58,Kadin,47,19522.96,13,4,3,0
1113,45,Kadin,31,16575.97,106,2,4,1
1114,24,Kadin,38,4847.0,8,5,5,0
1115,26,Kadin,32,13853.16,94,7,1,0
1116,25,Kadin,11,24624.41,96,7,5,0
1117,29,Erkek,45,23466.01,100,7,4,0
1118,51,Erkek,25,1557.76,111,2,5,1
1119,50,Erkek,33,4537.96,94,0,3,0
1120,40,Erkek,38,3727.35,65,7,2,0
1121,41,Erkek,41,18286.51,43,4,3,0
1122,54,Kadin,8,20535.74,39,2,5,1
1123,52,Kadin,11,5731.03,81,1,3,0
1124,61,Erkek,22,12893.39,59,5,4,1
1125,57,Kadin,51,21097.22,84,5,1,0
1126,39,Erkek,24,18453.64,88,3,3,0
1127,44,Erkek,41,13784.81,114,1,4,0
1128,52,Kadin,17,14963.52,86,3,1,1
1129,18,Kadin,12,12954.83,93,2,2,0
1130,52,Kadin,57,7789.94,86,6,5,0
1131,54,Erkek,46,14343.04,44,7,2,0
1132,64,Kadin,32,17377.69,9,0,0,0
1133,31,Erkek,15,21896.41,37,1,4,0
1134,20,Erkek,16,16089.14,74,1,1,1
1135,18,Erkek,54,19147.48,36,1,3,0
1136,22,Kadin,22,4421.76,101,3,2,0
1137,43,Kadin,28,11808.16,92,2,1,0
1138,31,Erkek,20,728.62,28,1,4,0
1139,56,Kadin,33,6543.63,42,6,0,0
1140,44,Kadin,10,18298.31,43,1,2,0
1141,26,Kadin,40,24799.34,85,5,5,0
1142,32,Erkek,32,2929.86,88,7,1,0
1143,32,Erkek,50,10336.61,42,0,5,0
1144,43,Kadin,33,20101.74,104,7,1,0
1145,59,Erkek,2,5498.87,66,5,1,0
1146,30,Kadin,33,14099.58,55,5,4,1
1147,49,Kadin,33,18460.25,72,0,4,1
1148,56,Kadin,41,15591.64,48,6,4,1
1149,49,Kadin,13,5106.61,91,2,3,1
1150,21,Erkek,30,9206.92,22,5,1,0
1151,47,Erkek,33,19702.9,101,2,2,1
1152,54,Erkek,13,14078.55,27,5,5,0
1153,40,Kadin,52,628.13,93,4,4,0
1154,56,Kadin,26,19144.27,67,0,4,0
1155,62,Kadin,22,1365.13,108,5,5,0
1156,32,Erkek,39,18770.48,13,4,5,1
1157,60,Kadin,2,5460.77,45,7,1,1
1158,46,Erkek,38,23972.8,10,3,4,0
1159,53,Erkek,39,9514.55,100,4,5,1
1160,30,Erkek,26,8509.82,9,1,3,0
1161,49,Erkek,46,4147.76,54,5,3,0
1162,24,Erkek,58,7987.3,119,4,4,0
1163,39,Erkek,50,21977.94,27,2,5,0
1164,45,Kadin,15,24910.19,34,3,1,1
1165,19,Kadin,34,9523.58,115,6,1,1
1166,59,Erkek,42,11490.96,1,5,1,1
1167,62,Erkek,55,18190.74,32,1,0,0
1168,23,Kadin,44,22211.8,89,6,4,1
1169,45,Erkek,49,15029.59,93,4,1,0
1170,45,Erkek,40,10092.38,71,6,3,1
1171,61,Kadin,11,10609.24,113,6,5,0
1172,61,Erkek,3,17542.64,67,3,2,0
1173,37,Erkek,59,578.85,84,7,2,0
1174,47,Erkek,6,15679.94,20,6,1,0
1175,28,Kadin,9,9209.58,117,6,2,0
1176,45,Kadin,6,19957.83,94,5,2,0
1177,42,Kadin,9,2778.27,35,7,0,0
1178,56,Erkek,39,14910.96,99,3,3,0
1179,50,Erkek,31,12283.84,113,1,3,0
1180,18,Kadin,32,16236.98,103,4,0,0
1181,44,Erkek,41,2088.91,91,3,0,0
1182,30,Erkek,50,14709.6,90,3,2,0
1183,58,Erkek,12,14256.37,78,0,4,0
1184,20,Erkek,8,14236.17,17,3,5,1
1185,56,Erkek,8,15285.45,18,7,5,1
1186,23,Kadin,50,17073.46,45,0,2,0
1187,25,Erkek,28,20222.23,116,4,5,1
1188,44,Kadin,20,7110.61,93,6,0,1
1189,26,Erkek,47,20713.71,84,5,3,1
1190,54,Kadin,59,12707.26,53,5,5,0
1191,50,Erkek,7,2387.93,91,4,2,0
1192,59,Kadin,11,1934.5,82,4,4,0
1193,61,Erkek,20,8688.84,68,7,2,0
1194,41,Kadin,16,19729.98,65,2,1,0
1195,32,Erkek,4,17838.18,114,6,2,0
1196,49,Kadin,6,19821.07,1,4,0,1
1197,49,Erkek,58,13173.09,58,3,3,1
1198,41,Kadin,22,11284.88,26,7,3,0
1199,58,Kadin,26,4112.59,109,5,5,0
1200,29,Erkek,3,8540.72,20,1,0,0
1201,56,Erkek,41,11133.47,116,7,1,1
1202,19,Kadin,42,2670.71,87,5,0,0
1203,20,Erkek,14,5904.99,10,0,2,0
1204,54,Kadin,11,15156.52,59,7,0,0
1205,34,Kadin,18,18523.75,75,5,0,0
1206,19,Kadin,54,24959.51,41,2,1,0
1207,19,Erkek,12,23361.28,105,7,2,0
1208,45,Kadin,23,16242.85,5,7,4,1
1209,40,Kadin,12,10820.58,65,6,4,1
1210,54,Erkek,13,16086.35,17,4,3,1
1211,49,Erkek,25,19748.46,22,6,5,1
1212,50,Erkek,45,3399.24,98,7,0,0
1213,18,Erkek,51,10542.67,109,4,3,0
1214,36,Kadin,58,21075.16,41,5,1,0
1215,19,Kadin,19,9903.91,93,1,4,1
1216,61,Kadin,55,14510.87,68,1,0,0
1217,43,Kadin,46,14900.35,69,7,1,0
1218,49,Erkek,36,5019.67,11,2,5,0
1219,23,Kadin,45,9374.77,56,0,1,0
1220,49,Kadin,8,8695.53,51,5,0,0
1221,21,Erkek,29,1141.82,21,4,5,0
1222,28,Kadin,55,1092.7,99,7,1,0
1223,34,Kadin,53,20876.58,76,5,5,0
1224,55,Kadin,55,7190.23,26,7,0,1
1225,41,Kadin,32,13192.93,115,2,0,0
1226,22,Kadin,51,7818.78,19,3,5,0
1227,51,Kadin,44,23546.64,109,3,2,0
1228,23,Erkek,18,6852.77,60,2,3,1
1229,39,Erkek,6,11026.59,71,4,1,0
1230,28,Kadin,18,21881.89,47,6,1,1
1231,33,Kadin,19,21127.37,119,2,2,0
1232,50,Erkek,22,5059.48,71,7,2,1
1233,26,Kadin,37,20164.76,26,4,2,1
1234,23,Kadin,32,11725.58,40,1,4,0
1235,33,Kadin,56,12332.74,5,2,4,0
1236,46,Erkek,41,3770.26,21,4,5,0
1237,20,Kadin,59,2474.74,78,2,4,0
1238,37,Erkek,3,18334.51,4,2,0,0
1239,53,Kadin,28,12663.3,23,6,5,0
1240,36,Erkek,10,11202.84,106,6,1,0
1241,43,Erkek,51,18372.95,84,7,3,0
1242,20,Kadin,35,19255.07,15,4,0,0
1243,36,Erkek,29,4393.25,114,4,1,0
1244,37,Kadin,54,15450.52,116,0,1,0
1245,49,Erkek,15,3816.18,109,2,5,0
1246,24,Kadin,33,18908.69,93,3,2,0
1247,58,Kadin,7,16595.4,8,2,2,0
1248,50,Erkek,12,23937.06,41,2,0,1
1249,57,Kadin,49,2189.47,112,4,2,0
1250,56,Kadin,30,1897.84,19,2,1,0
1251,35,Erkek,21,7413.58,112,5,2,0
1252,57,Kadin,31,6911.79,103,2,4,1
1253,18,Kadin,58,6550.98,46,5,2,1
1254,28,Erkek,24,22703.24,28,6,1,1
1255,45,Erkek,20,6613.88,110,3,5,0
1256,42,Kadin,37,7162.77,91,7,0,0
1257,40,Kadin,4,19105.26,68,4,3,0
1258,48,Erkek,28,11518.63,15,2,2,0
1259,47,Erkek,44,19529.41,99,5,1,1
1260,59,Kadin,20,2101.47,37,5,3,0
1261,52,Erkek,24,12445.49,1,6,3,0
1262,24,Kadin,50,1323.53,67,5,4,0
1263,33,Kadin,49,2035.0,111,7,3,1
1264,43,Kadin,51,22707.72,24,1,5,0
1265,19,Kadin,32,3911.51,27,0,1,0
1266,18,Kadin,41,13544.31,40,7,1,0
1267,29,Erkek,36,10571.84,63,3,2,0
1268,22,Erkek,58,9009.91,61,7,2,0
1269,54,Erkek,53,22545.92,36,6,2,1
1270,49,Erkek,34,1034.67,98,6,5,0
1271,26,Kadin,36,16762.85,93,7,3,0
1272,58,Kadin,2,24103.16,24,2,3,0
1273,52,Kadin,15,14224.12,24,1,4,0
1274,36,Kadin,34,23452.15,106,2,5,1
1275,33,Erkek,36,1780.32,4,2,2,1
1276,20,Kadin,6,10760.44,67,7,0,0
1277,37,Kadin,39,6873.87,34,4,4,1
1278,41,Erkek,42,18405.11,57,4,0,0
1279,50,Erkek,51,24541.78,49,4,3,0
1280,41,Erkek,51,6784.99,87,1,4,0
1281,28,Erkek,58,16527.28,53,2,4,0
1282,25,Kadin,54,5353.39,116,0,1,0
1283,53,Kadin,12,14350.59,23,3,3,0
1284,55,Erkek,3,11866.35,109,4,3,0
1285,57,Kadin,45,24314.13,69,4,5,0
1286,37,Kadin,18,15408.92,95,6,4,0
1287,52,Kadin,40,9062.91,53,2,3,0
1288,42,Erkek,21,3295.35,62,2,4,1
1289,52,Kadin,15,4205.55,41,1,5,0
1290,42,Erkek,33,6020.26,57,1,5,0
1291,46,Kadin,35,6648.68,60,4,1,1
1292,35,Kadin,26,21340.09,54,2,4,0
1293,63,Kadin,8,14249.96,70,0,3,0
1294,35,Erkek,36,13323.08,101,3,3,0
1295,19,Kadin,48,3311.84,57,7,4,0
1296,52,Erkek,30,21573.42,10,2,4,0
1297,33,Erkek,23,18208.95,40,6,4,0
1298,58,Erkek,42,2157.87,7,7,2,1
1299,53,Kadin,44,17841.96,103,2,3,1
1300,50,Kadin,14,13816.69,38,5,5,1
1301,21,Kadin,14,2502.27,85,1,3,0
1302,50,Kadin,2,11728.37,61,6,2,0
1303,31,Erkek,55,12375.06,84,3,4,0
1304,38,Erkek,37,4561.48,3,4,1,0
1305,37,Erkek,5,23669.6,51,6,4,1
1306,25,Kadin,38,21324.4,86,2,4,0
1307,24,Erkek,45,16891.05,47,4,2,0
1308,20,Kadin,41,11826.24,68,2,3,0
1309,34,Erkek,54,10588.26,92,4,4,1
1310,50,Kadin,47,16448.85,76,3,3,1
1311,29,Kadin,14,13863.08,38,1,0,0
1312,39,Erkek,56,2025.69,115,3,5,1
1313,39,Erkek,39,13056.31,36,5,3,0
1314,63,Erkek,25,20256.89,111,0,1,0
1315,47,Erkek,20,11751.38,41,1,5,1
1316,55,Kadin,2,1772.94,69,3,1,0
1317,55,Erkek,39,19763.82,13,5,4,1
1318,62,Erkek,6,5433.41,87,0,5,0
1319,25,Erkek,17,6836.21,58,5,3,0
1320,44,Kadin,59,4535.31,50,2,5,1
1321,44,Kadin,25,8590.27,30,7,4,0
1322,51,Erkek,57,19040.41,62,2,2,1
1323,38,Kadin,28,13224.95,101,4,1,1
1324,47,Erkek,2,5519.59,25,1,4,0
1325,50,Kadin,35,22006.84,112,2,2,0
1326,45,Kadin,37,22049.76,27,6,5,0
1327,64,Kadin,5,21829.17,51,5,5,0
1328,50,Kadin,1,6350.51,78,1,4,0
1329,22,Erkek,40,11555.36,57,7,3,0
1330,36,Erkek,12,24632.25,112,6,5,0
1331,21,Erkek,56,19414.31,47,2,3,0
1332,52,Kadin,36,1165.6,118,4,3,1
1333,34,Erkek,45,2097.51,100,3,3,1
1334,61,Erkek,23,11866.32,39,4,0,0
1335,45,Erkek,47,22775.9,16,6,2,0
1336,47,Kadin,31,13698.19,22,0,2,1
1337,46,Kadin,11,12696.41,85,2,5,0
1338,63,Kadin,10,3084.11,54,6,5,0
1339,23,Erkek,3,16591.11,21,0,3,1
1340,52,Erkek,54,20641.53,72,0,0,0
1341,58,Erkek,14,9820.29,113,5,3,0
1342,54,Kadin,16,19502.49,16,1,0,1
1343,41,Kadin,10,24129.68,59,5,3,1
1344,46,Erkek,29,5492.28,119,2,1,0
1345,63,Kadin,10,13321.58,31,0,1,0
1346,48,Kadin,12,7534.88,42,7,4,0
1347,52,Kadin,30,19924.93,74,6,3,0
1348,50,Kadin,41,14651.04,32,3,5,1
1349,38,Erkek,1,16047.27,59,0,2,0
1350,49,Kadin,5,20048.9,34,6,4,1
1351,40,Kadin,20,10201.28,9,7,5,0
1352,50,Kadin,8,22919.71,81,3,1,0
1353,20,Kadin,43,13559.21,11,5,3,0
1354,35,Erkek,12,4369.89,96,5,4,0
1355,42,Erkek,1,17549.53,10,1,3,0
1356,59,Kadin,57,19934.9,86,6,1,0
1357,48,Kadin,54,8260.66,17,0,4,0
1358,20,Kadin,20,21500.89,68,4,1,0
1359,57,Kadin,28,22700.51,48,5,0,0
1360,63,Kadin,57,7284.16,52,5,1,1
1361,41,Kadin,43,24596.28,111,1,3,0
1362,49,Erkek,37,3947.43,25,3,2,0
1363,64,Kadin,47,5449.38,21,1,1,1
1364,39,Erkek,37,5013.51,101,7,5,1
1365,40,Erkek,12,22402.75,102,0,2,0
1366,19,Kadin,37,16530.17,113,6,0,0
1367,44,Erkek,49,4226.55,65,2,4,1
1368,59,Erkek,49,11287.92,63,2,4,1
1369,19,Erkek,56,15574.8,89,6,2,1
1370,43,Erkek,44,2544.87,51,3,4,0
1371,34,Erkek,56,22119.2,36,7,1,0
1372,57,Erkek,28,20188.29,81,5,2,0
1373,50,Kadin,47,12877.57,105,3,3,0
1374,26,Erkek,15,24194.6,88,5,1,0
1375,60,Erkek,6,10735.14,66,5,1,1
1376,56,Erkek,44,24610.7,104,2,1,0
1377,46,Kadin,59,16864.04,15,3,3,0
1378,59,Erkek,20,16049.45,96,7,0,0
1379,43,Kadin,50,4565.89,39,1,5,0
1380,52,Erkek,14,22107.23,70,5,4,0
1381,42,Kadin,2,10973.5,1,4,2,1
1382,41,Kadin,9,4474.72,111,4,0,0
1383,30,Erkek,37,808.88,23,1,2,0
1384,24,Erkek,20,14214.01,39,4,4,1
1385,53,Kadin,26,13421.29,57,0,3,0
1386,62,Erkek,29,18124.16,81,5,1,0
1387,37,Kadin,1,22311.32,34,1,1,1
1388,18,Kadin,55,2445.46,41,3,3,0
1389,25,Kadin,35,18421.66,93,5,0,0
1390,63,Kadin,6,5091.59,73,1,0,1
1391,33,Kadin,37,21525.34,13,2,2,0
1392,31,Erkek,53,20567.06,70,7,3,0
1393,29,Kadin,59,13749.45,6,3,0,0
1394,40,Kadin,5,17900.95,84,7,3,1
1395,32,Erkek,33,8201.58,52,2,4,0
1396,45,Kadin,49,12043.61,117,5,1,0
1397,51,Erkek,51,20630.1,3,3,1,0
1398,19,Erkek,14,11752.0,81,7,1,0
1399,49,Erkek,12,9266.06,63,4,3,1
1400,40,Kadin,42,12608.2,49,7,3,0
1401,39,Kadin,20,20792.11,76,1,2,0
1402,42,Kadin,53,8712.6,112,5,1,0
1403,39,Erkek,50,4757.16,47,0,2,0
1404,39,Kadin,24,17944.34,109,7,1,0
1405,59,Erkek,59,20736.47,55,3,2,1
1406,23,Kadin,43,2965.62,64,3,2,0
1407,32,Erkek,34,6376.92,65,6,4,1
1408,60,Kadin,25,3978.31,81,7,2,1
1409,54,Kadin,50,9024.56,67,5,3,0
1410,50,Kadin,29,11533.6,90,5,2,0
1411,25,Erkek,57,18846.25,15,2,1,1
1412,61,Erkek,39,16453.12,100,6,2,0
1413,61,Kadin,31,15712.75,32,7,0,1
1414,22,Kadin,56,9133.19,96,4,5,0
1415,56,Erkek,47,21115.47,68,2,1,0
1416,21,Erkek,43,12046.54,18,6,0,0
1417,23,Erkek,50,24488.07,113,7,1,0
1418,62,Kadin,23,16036.48,83,7,3,1
1419,49,Erkek,44,3593.49,43,2,5,0
1420,47,Kadin,38,17066.35,116,4,5,0
1421,64,Erkek,20,8465.05,35,6,3,1
1422,52,Kadin,23,17315.02,104,7,5,0
1423,57,Erkek,45,2206.21,78,7,3,0
1424,33,Erkek,52,4784.6,58,6,0,1
1425,30,Erkek,16,21465.56,33,0,4,0
1426,59,Erkek,50,6065.9,14,2,1,0
1427,47,Erkek,42,21007.51,34,2,3,0
1428,36,Kadin,55,7342.26,61,3,1,0
1429,34,Erkek,8,16250.61,119,4,0,0
1430,36,Erkek,50,17506.69,4,1,4,0
1431,45,Erkek,21,13060.04,88,0,0,0
1432,43,Kadin,1,7980.11,59,6,5,0
1433,54,Erkek,55,5709.79,29,6,1,0
1434,43,Kadin,8,1313.14,83,6,4,0
1435,40,Erkek,29,7946.69,6,0,5,0
1436,26,Erkek,32,16502.49,97,7,4,1
1437,29,Kadin,38,23488.47,49,6,5,0
1438,18,Erkek,5,21844.51,40,6,0,0
1439,18,Kadin,47,19268.59,83,4,3,0
1440,64,Kadin,22,19816.96,117,5,1,0
1441,51,Erkek,47,16792.13,65,5,2,0
1442,49,Kadin,34,6877.03,69,3,2,0
1443,42,Erkek,1,22726.28,27,3,0,0
1444,57,Erkek,55,16932.94,80,6,1,0
1445,62,Kadin,55,14230.8,6,4,1,1
1446,18,Kadin,26,3219.24,104,6,0,0
1447,33,Kadin,43,11452.86,13,3,1,0
1448,56,Kadin,10,11778.78,112,0,3,1
1449,22,Erkek,30,21681.81,64,0,0,0
1450,39,Erkek,50,13892.88,62,7,3,0
1451,46,Kadin,18,9819.81,99,1,1,0
1452,20,Erkek,17,24431.61,19,5,0,0
1453,29,Erkek,26,3212.65,76,4,1,0
1454,43,Erkek,8,10852.44,80,2,0,0
1455,33,Erkek,47,1529.6,43,5,1,0
1456,54,Kadin,40,18627.65,74,2,3,0
1457,39,Kadin,49,22992.88,89,1,3,0
1458,46,Erkek,12,7360.91,20,1,1,1
1459,31,Kadin,27,21529.37,95,6,0,0
1460,45,Kadin,8,7659.35,68,3,2,0
1461,22,Kadin,25,22813.87,44,1,3,0
1462,64,Erkek,46,18972.07,23,1,3,0
1463,47,Erkek,4,20220.22,2,2,5,1
1464,63,Erkek,33,941.16,22,3,2,0
1465,22,Kadin,1,24088.85,115,1,1,0
1466,29,Erkek,19,18303.44,57,5,0,0
1467,33,Erkek,31,7966.4,101,7,5,0
1468,43,Kadin,16,20820.17,72,1,1,0
1469,43,Erkek,14,7397.27,7,7,4,0
1470,38,Erkek,53,21882.47,78,3,3,0
1471,56,Kadin,48,3258.22,56,6,4,0
1472,53,Kadin,5,17740.31,119,4,3,0
1473,50,Kadin,41,13747.11,67,3,3,1
1474,47,Erkek,26,2865.09,114,2,4,0
1475,54,Erkek,28,6426.4,16,4,4,0
1476,40,Erkek,2,803.9,119,5,1,0
1477,27,Kadin,50,11984.82,83,0,5,0
1478,22,Kadin,6,7881.0,51,7,5,0
1479,53,Erkek,9,15159.76,82,7,4,1
1480,51,Erkek,33,7782.33,116,7,1,0
1481,48,Kadin,41,7848.02,80,3,5,1
1482,27,Kadin,25,18708.23,72,7,1,0
1483,36,Kadin,48,1679.5,97,6,1,0
1484,49,Kadin,13,22620.93,113,7,3,0
1485,18,Erkek,9,21380.46,12,2,5,0
1486,22,Kadin,53,16861.21,53,5,5,0
1487,62,Erkek,13,15033.93,75,7,3,1
1488,21,Erkek,31,22361.41,5,7,4,1
1489,33,Erkek,41,5040.59,27,4,3,1
1490,41,Kadin,11,2434.74,12,5,5,1
1491,33,Kadin,4,6368.0,17,7,5,0
1492,19,Kadin,34,19967.17,6,3,4,0
1493,45,Kadin,38,1349.42,97,1,3,0
1494,49,Erkek,46,14778.77,5,6,0,0
1495,44,Kadin,4,24888.22,57,3,0,0
1496,37,Kadin,38,21464.55,28,0,4,0
1497,41,Erkek,19,13275.42,78,3,3,0
1498,29,Kadin,6,2059.2,69,4,3,0
1499,52,Erkek,34,20868.65,118,4,1,0
1500,50,Erkek,18,15174.97,59,7,5,0
1501,50,Erkek,13,3315.86,33,3,2,0
1502,60,Erkek,41,2799.5,62,4,4,0
1503,54,Erkek,23,22785.86,50,1,2,0
1504,29,Erkek,19,16895.41,112,5,2,0
1505,20,Erkek,45,20817.53,105,3,4,0
1506,18,Erkek,11,22034.98,19,6,3,0
1507,50,Kadin,1,14508.42,86,1,4,0
1508,57,Kadin,24,13177.44,69,7,2,0
1509,27,Kadin,54,11045.47,66,5,5,0
1510,60,Kadin,7,8265.19,94,6,5,0
1511,61,Erkek,25,11147.6,47,7,5,0
1512,46,Kadin,21,19460.05,39,6,3,0
1513,30,Erkek,15,15247.12,68,7,0,0
1514,29,Kadin,1,22366.82,33,6,4,0
1515,48,Kadin,12,11362.81,13,5,5,1
1516,63,Kadin,58,15373.69,84,1,4,0
1517,19,Erkek,7,15967.04,54,6,5,1
1518,52,Kadin,15,14996.58,7,6,3,0
1519,40,Erkek,21,17714.53,79,2,0,0
1520,34,Erkek,19,6317.12,87,3,0,0
1521,43,Kadin,29,13052.91,14,5,5,0
1522,25,Kadin,25,3053.51,87,7,3,0
1523,46,Kadin,33,9920.53,19,5,1,0
1524,43,Erkek,49,12447.84,54,4,4,0
1525,27,Kadin,32,16479.49,93,7,4,0
1526,43,Erkek,49,23788.01,20,5,2,0
1527,51,Erkek,35,15215.95,29,1,3,0
1528,58,Kadin,44,18718.05,24,7,2,0
1529,24,Kadin,38,12903.52,82,7,5,0
1530,21,Erkek,26,16035.55,63,5,2,0
1531,62,Erkek,11,2237.84,74,7,0,1
1532,28,Erkek,35,6732.59,105,2,4,1
1533,46,Kadin,8,9365.4,57,3,2,0
1534,53,Erkek,46,12076.09,8,7,0,0
1535,42,Kadin,14,1618.39,90,3,3,1
1536,38,Erkek,10,3930.59,62,5,2,0
1537,53,Erkek,2,7281.95,29,6,5,0
1538,27,Kadin,46,24302.55,74,0,5,1
1539,54,Erkek,9,8618.0,17,0,5,0
1540,26,Kadin,3,12310.01,66,6,4,0
1541,41,Kadin,21,5304.39,6,6,2,0
1542,52,Erkek,26,15464.11,58,6,3,0
1543,52,Kadin,8,7376.74,69,1,2,1
1544,53,Kadin,48,5571.32,28,0,4,0
1545,35,Erkek,2,13156.03,62,6,0,0
1546,56,Kadin,6,634.89,41,1,4,0
1547,49,Kadin,28,687.77,69,4,5,0
1548,41,Kadin,53,5867.19,82,7,0,0
1549,40,Erkek,29,1399.67,90,1,5,0
1550,49,Kadin,26,3146.63,84,0,1,1
1551,54,Erkek,25,8802.09,41,5,4,0
1552,29,Erkek,12,20163.35,49,4,4,0
1553,30,Kadin,5,14515.19,91,0,3,0
1554,40,Kadin,34,13060.36,49,7,2,0
1555,42,Kadin,48,7690.48,76,1,0,1
1556,52,Erkek,37,23327.97,71,2,0,0
1557,58,Kadin,15,10226.87,3,3,3,1
1558,47,Kadin,44,2633.77,10,7,3,0
1559,34,Kadin,36,15618.13,98,0,2,0
1560,37,Kadin,15,3289.04,89,6,5,0
1561,42,Kadin,43,8957.97,35,1,2,0
1562,39,Erkek,48,12931.59,80,6,4,0
1563,30,Erkek,23,21918.45,2,6,5,1
1564,36,Kadin,6,12591.89,24,6,1,0
1565,53,Kadin,46,17705.34,74,6,2,1
1566,29,Kadin,50,24824.01,38,6,3,0
1567,58,Kadin,44,3721.48,22,4,5,0
1568,36,Erkek,59,7230.92,26,0,2,0
1569,29,Kadin,43,10167.11,43,7,0,0
1570,26,Erkek,45,10834.79,55,0,1,0
1571,24,Erkek,21,10570.02,39,7,4,0
1572,45,Kadin,23,22736.47,91,3,0,0
1573,31,Erkek,43,17993.8,29,1,0,1
1574,48,Erkek,55,15393.68,111,2,1,0
1575,36,Erkek,16,8079.63,102,4,4,1
1576,64,Erkek,47,20682.86,20,1,3,1
1577,33,Kadin,53,23898.98,91,4,5,0
1578,22,Kadin,15,20619.36,41,7,4,0
1579,52,Erkek,25,538.35,54,0,2,0
1580,29,Kadin,36,16091.83,20,6,0,0
1581,42,Kadin,11,1752.82,108,3,2,0
1582,38,Kadin,51,6811.38,19,3,3,1
1583,53,Kadin,15,1958.36,84,5,2,0
1584,40,Kadin,4,15292.99,99,2,4,0
1585,33,Erkek,21,17321.45,111,3,2,0
1586,56,Kadin,13,3304.95,66,6,3,0
1587,62,Kadin,22,9904.05,30,0,3,0
1588,59,Kadin,19,11677.79,53,2,3,0
1589,56,Kadin,34,9541.8,34,7,4,0
1590,31,Erkek,14,3465.11,22,1,3,0
1591,48,Erkek,4,10764.22,67,7,0,0
1592,22,Erkek,48,18903.86,6,6,3,0
1593,52,Erkek,53,2239.69,79,6,2,0
1594,40,Kadin,52,2464.41,27,3,5,0
1595,46,Erkek,46,9191.9,10,2,2,0
1596,60,Kadin,27,23572.28,73,0,5,1
1597,28,Kadin,29,16880.03,97,7,2,0
1598,35,Kadin,47,17127.41,96,5,4,1
1599,64,Kadin,28,9367.04,48,7,2,0
1600,29,Kadin,35,15044.69,70,4,4,0
1601,26,Erkek,8,748.21,105,4,4,1
1602,27,Erkek,16,16084.35,59,0,3,0
1603,61,Erkek,42,22875.53,100,0,0,1
1604,34,Erkek,36,15508.05,59,4,5,0
1605,55,Kadin,30,21905.62,2,5,3,0
1606,24,Erkek,18,18237.34,29,2,3,1
1607,63,Kadin,2,3453.68,68,4,4,0
1608,30,Erkek,49,22610.11,65,0,4,0
1609,57,Kadin,13,2127.87,83,3,5,0
1610,59,Kadin,4,13582.2,26,1,2,1
1611,26,Erkek,26,3982.36,89,5,2,1
1612,44,Kadin,25,786.81,10,6,3,0
1613,19,Kadin,30,10839.84,53,5,1,1
1614,22,Erkek,11,7728.5,79,3,1,0
1615,46,Kadin,7,12407.01,59,3,2,0
1616,54,Erkek,31,14641.4,22,6,1,0
1617,55,Erkek,44,1571.61,51,7,2,0
1618,36,Erkek,10,3513.58,48,0,4,0
1619,25,Kadin,39,14186.74,21,4,3,0
1620,62,Kadin,13,8907.6,22,7,0,0
1621,18,Kadin,31,18364.75,100,2,3,0
1622,39,Erkek,7,16481.15,98,5,2,0
1623,34,Kadin,56,21217.31,30,6,2,0
1624,24,Erkek,49,17466.07,25,5,3,0
1625,42,Erkek,42,11033.31,109,7,5,1
1626,62,Kadin,42,16987.68,28,3,2,1
1627,21,Erkek,56,7246.84,65,4,1,0
1628,53,Kadin,36,8004.68,113,5,1,1
1629,23,Kadin,20,19830.14,45,2,2,0
1630,48,Kadin,4,11437.28,68,3,2,0
1631,36,Kadin,54,20060.32,7,2,5,1
1632,61,Kadin,7,20649.35,49,4,1,0
1633,56,Erkek,54,21510.28,9,5,2,1
1634,44,Erkek,1,22957.56,36,1,2,0
1635,27,Erkek,44,11059.14,83,7,5,1
1636,43,Kadin,56,8312.24,1,5,5,0
1637,36,Kadin,45,14763.87,10,7,3,0
1638,56,Kadin,42,9593.72,36,4,5,0
1639,20,Erkek,47,15226.32,73,5,0,0
1640,62,Kadin,59,17786.85,109,7,1,0
1641,30,Erkek,13,17365.92,46,6,3,1
1642,45,Erkek,55,9676.55,106,7,0,0
1643,37,Kadin,22,4588.07,32,5,2,0
1644,45,Kadin,54,11047.97,32,0,2,0
1645,25,Erkek,21,3993.56,6,5,3,0
1646,58,Kadin,22,22307.38,48,5,5,1
1647,56,Erkek,28,8974.0,38,7,2,0
1648,18,Kadin,9,4284.26,17,2,4,0
1649,20,Kadin,26,1123.47,74,1,3,0
1650,30,Erkek,9,16322.65,114,2,0,0
1651,45,Kadin,15,16104.11,27,7,3,1
1652,42,Erkek,10,8844.8,54,2,1,0
1653,50,Kadin,24,2256.94,50,3,5,0
1654,55,Erkek,58,10535.91,35,0,5,1
1655,23,Erkek,57,8124.83,116,2,3,1
1656,61,Kadin,42,17089.46,85,6,2,0
1657,62,Erkek,8,15341.59,25,4,2,0
1658,49,Kadin,24,9432.55,28,6,4,0
1659,62,Kadin,16,5838.37,111,4,4,0
1660,64,Kadin,49,24706.88,15,5,5,1
1661,38,Erkek,26,11623.04,4,3,4,0
1662,33,Erkek,27,17362.72,93,0,0,0
1663,38,Kadin,37,3943.55,73,6,4,0
1664,28,Kadin,4,12396.95,27,0,0,0
1665,54,Erkek,50,1174.65,26,6,4,0
1666,53,Kadin,24,12883.65,19,5,5,0
1667,52,Kadin,19,24118.43,92,4,5,0
1668,36,Erkek,36,9913.06,17,1,0,0
1669,37,Kadin,39,1455.4,43,3,3,0
1670,35,Erkek,10,1258.42,41,6,5,0
1671,64,Kadin,25,10005.68,42,6,3,0
1672,58,Erkek,18,4420.61,50,5,2,0
1673,31,Kadin,19,1072.13,84,3,0,0
1674,32,Kadin,36,19027.23,109,4,5,0
1675,48,Erkek,10,11733.81,40,4,1,0
1676,18,Kadin,33,7586.5,39,6,2,0
1677,20,Erkek,55,22552.04,113,1,3,1
1678,33,Kadin,50,3345.4,117,1,5,1
1679,40,Erkek,5,23920.01,23,0,0,0
1680,28,Erkek,47,8192.18,111,3,4,0
1681,29,Erkek,49,22265.89,96,3,1,1
1682,27,Erkek,35,15272.1,52,4,3,0
1683,49,Kadin,44,20754.33,47,0,2,0
1684,33,Kadin,34,24608.32,63,5,0,0
1685,25,Erkek,33,7565.93,97,3,1,1
1686,55,Erkek,55,24047.82,110,0,0,0
1687,29,Erkek,21,10042.31,69,0,5,0
1688,41,Kadin,17,9945.04,43,6,4,0
1689,45,Kadin,22,8839.48,48,4,2,1
1690,25,Kadin,48,13764.49,34,0,0,0
1691,45,Kadin,37,4276.55,40,7,3,0
1692,53,Erkek,15,14065.93,75,1,5,0
1693,43,Erkek,35,13771.77,61,7,5,0
1694,25,Erkek,28,19166.59,50,1,2,0
1695,45,Kadin,7,20924.42,67,2,5,0
1696,45,Kadin,32,11290.81,62,4,3,1
1697,54,Kadin,11,7907.16,58,6,0,0
1698,58,Erkek,10,6853.7,33,5,2,0
1699,53,Erkek,9,5268.28,75,7,5,0
1700,44,Kadin,14,1912.37,16,7,5,0
1701,34,Erkek,13,8889.98,82,2,3,0
1702,26,Kadin,57,7121.07,94,1,4,0
1703,50,Kadin,25,24177.23,48,6,4,0
1704,37,Erkek,2,14163.87,119,2,5,0
1705,30,Kadin,35,9008.29,10,4,0,0
1706,45,Erkek,7,14721.46,82,6,2,1
1707,46,Kadin,21,3910.32,38,4,5,1
1708,30,Erkek,18,11379.07,19,0,1,0
1709,63,Erkek,3,15842.74,36,3,2,0
1710,52,Erkek,42,12478.0,59,0,4,0
1711,23,Kadin,54,10343.58,63,4,5,1
1712,35,Kadin,39,24849.29,77,7,3,0
1713,22,Erkek,41,22067.71,46,6,1,1
1714,64,Erkek,49,15773.45,3,1,5,0
1715,42,Kadin,11,14449.75,74,5,0,1
1716,19,Kadin,39,15706.18,102,1,1,1
1717,27,Kadin,24,5432.15,65,6,5,1
1718,47,Erkek,46,10180.87,119,0,0,0
1719,62,Kadin,19,1466.76,91,5,1,0
1720,22,Kadin,4,12150.88,110,6,0,0
1721,50,Erkek,26,13804.1,8,4,0,0
1722,18,Kadin,38,6079.87,51,7,1,0
1723,35,Kadin,42,24118.71,110,1,1,0
1724,49,Kadin,32,22781.64,106,4,0,0
1725,64,Erkek,39,18192.51,81,5,4,0
1726,28,Erkek,45,13567.97,73,5,1,0
1727,38,Erkek,46,21814.24,6,1,5,0
1728,43,Erkek,36,3700.98,107,4,2,1
1729,42,Erkek,40,19867.49,89,2,3,0
1730,39,Erkek,37,3558.11,39,4,0,0
1731,44,Erkek,33,19958.16,113,5,0,0
1732,30,Kadin,36,7256.31,60,4,3,1
1733,50,Kadin,3,21988.72,28,7,4,0
1734,51,Erkek,9,23629.03,97,6,3,0
1735,58,Kadin,8,4145.5,54,0,1,0
1736,52,Kadin,33,11835.55,37,7,3,0
1737,18,Erkek,59,24534.19,9,2,0,0
1738,38,Kadin,6,12343.48,82,3,3,1
1739,23,Kadin,41,21656.91,56,6,2,1
1740,45,Kadin,39,14923.92,59,0,5,0
1741,34,Kadin,4,9695.58,85,3,1,0
1742,22,Kadin,13,7501.7,2,1,3,0
1743,48,Erkek,49,5478.97,61,3,0,0
1744,22,Erkek,2,19164.06,58,6,5,0
1745,55,Erkek,5,9970.24,107,4,1,0
1746,20,Kadin,44,13026.25,60,6,0,1
1747,40,Erkek,27,12561.97,102,7,4,1
1748,54,Kadin,32,14643.34,40,3,2,0
1749,54,Kadin,21,21706.64,36,5,4,0
1750,27,Kadin,8,24528.11,114,0,2,0
1751,27,Kadin,38,10485.81,107,0,3,0
1752,36,Erkek,8,20774.21,37,3,1,0
1753,34,Erkek,50,19230.93,79,0,3,0
1754,38,Kadin,3,14551.46,92,5,2,1
1755,31,Erkek,54,23923.16,18,6,2,0
1756,26,Kadin,44,5411.63,98,0,2,0
1757,63,Erkek,58,3176.97,63,3,5,0
1758,18,Erkek,3,21422.07,22,2,0,0
1759,62,Kadin,22,11259.17,11,2,1,0
1760,30,Erkek,6,21250.74,58,1,3,0
1761,21,Kadin,2,22380.71,57,7,3,0
1762,18,Erkek,23,2030.21,77,0,4,0
1763,57,Kadin,44,22144.89,4,7,2,0
1764,49,Kadin,2,11483.82,86,6,2,1
1765,51,Erkek,38,13005.6,7,3,2,0
1766,45,Erkek,17,15851.52,61,0,3,0
1767,48,Kadin,35,23196.37,107,4,4,0
1768,25,Erkek,34,968.34,54,5,0,0
1769,56,Erkek,23,12182.66,88,0,5,0
1770,43,Kadin,30,17349.19,68,0,1,1
1771,51,Kadin,52,18206.32,92,7,0,1
1772,20,Erkek,8,17467.04,79,7,3,0
1773,29,Kadin,22,3793.66,1,2,5,0
1774,18,Kadin,44,7835.19,55,5,5,0
1775,61,Kadin,58,9288.53,3,3,5,0
1776,22,Erkek,36,20208.71,78,0,2,1
1777,47,Erkek,5,7329.62,38,2,1,0
1778,47,Kadin,13,5662.27,114,7,3,0
1779,34,Erkek,29,23957.48,1,1,3,0
1780,64,Kadin,31,717.15,102,5,5,0
1781,40,Erkek,47,24946.61,38,2,3,1
1782,32,Kadin,57,17082.12,85,2,1,0
1783,54,Kadin,55,20797.5,112,6,1,1
1784,38,Erkek,16,7718.18,29,2,4,0
1785,31,Kadin,42,850.72,5,6,4,1
1786,19,Erkek,30,18577.8,113,0,0,0
1787,28,Erkek,57,20936.54,74,0,1,0
1788,56,Kadin,55,18641.67,92,7,1,1
1789,55,Kadin,16,3999.83,21,1,1,0
1790,51,Erkek,12,18958.98,114,4,4,0
1791,55,Kadin,17,19338.61,71,4,5,0
1792,51,Kadin,16,16634.24,67,4,5,0
1793,35,Kadin,12,19269.84,109,7,3,0
1794,47,Kadin,8,21225.08,47,6,5,1
1795,32,Kadin,20,15533.3,84,7,2,0
1796,44,Erkek,3,2670.82,83,5,4,0
1797,51,Erkek,16,12446.88,35,5,1,1
1798,55,Kadin,30,2402.41,68,1,5,0
1799,50,Kadin,45,10484.8,69,5,4,1
1800,41,Kadin,23,10474.11,1,4,5,1
1801,32,Erkek,28,2117.24,68,4,0,0
1802,47,Kadin,51,9046.1,12,7,1,0
1803,59,Erkek,40,3219.45,60,2,0,0
1804,34,Erkek,54,20301.76,27,5,1,0
1805,22,Erkek,5,23718.36,56,7,4,1
1806,46,Kadin,20,2271.75,106,0,3,0
1807,21,Erkek,40,23900.32,23,0,5,0
1808,27,Kadin,56,13303.13,25,2,5,0
1809,34,Erkek,44,7839.36,21,2,2,1
1810,27,Kadin,1,2383.12,61,2,0,0
1811,34,Erkek,57,12765.29,63,7,5,0
1812,37,Kadin,30,19965.63,52,0,4,0
1813,41,Erkek,21,17823.62,88,4,3,1
1814,22,Kadin,20,1730.54,25,2,4,0
1815,51,Kadin,6,2286.09,109,1,0,0
1816,23,Kadin,22,10370.4,55,6,2,0
1817,19,Kadin,18,7734.62,46,7,5,0
1818,30,Erkek,8,6193.42,32,2,4,0
1819,60,Erkek,39,7384.61,55,6,1,1
1820,60,Kadin,32,20185.33,96,3,3,0
1821,28,Erkek,33,23266.09,5,2,4,0
1822,64,Kadin,53,10425.02,36,0,3,0
1823,40,Kadin,16,22699.72,110,5,5,0
1824,33,Erkek,12,8376.64,106,2,1,1
1825,48,Kadin,38,12172.71,49,7,2,0
1826,28,Kadin,52,6037.71,106,5,2,0
1827,33,Erkek,34,16191.66,58,3,1,0
1828,25,Kadin,14,24485.04,39,1,3,0
1829,21,Kadin,36,15285.58,80,5,5,0
1830,57,Kadin,33,9266.45,97,6,4,0
1831,21,Kadin,23,16371.53,113,4,1,0
1832,42,Erkek,50,3511.56,85,2,0,0
1833,20,Erkek,45,22272.15,61,3,3,0
1834,49,Erkek,2,12825.56,9,3,2,0
1835,20,Kadin,41,11509.07,6,5,1,1
1836,44,Kadin,21,14853.69,115,1,2,0
1837,46,Erkek,2,15807.2,109,0,3,1
1838,49,Kadin,27,2258.51,35,2,2,0
1839,36,Kadin,57,17224.12,39,3,1,0
1840,38,Kadin,9,6427.33,22,1,3,0
1841,22,Kadin,1,17991.84,41,4,0,0
1842,35,Erkek,11,20652.1,118,3,1,0
1843,45,Erkek,3,20196.98,5,1,4,1
1844,59,Erkek,52,14036.27,42,7,5,0
1845,39,Kadin,23,13244.16,87,0,1,0
1846,38,Erkek,26,4000.46,81,0,3,0
1847,23,Erkek,4,19495.98,76,3,5,0
1848,18,Kadin,18,7149.53,87,6,1,0
1849,22,Kadin,55,12669.04,80,3,0,0
1850,58,Erkek,6,7464.72,67,5,0,1
1851,29,Erkek,35,3778.79,30,2,4,1
1852,43,Erkek,22,15924.16,57,1,2,0
1853,63,Erkek,43,1831.13,86,3,5,0
1854,51,Kadin,15,18841.81,73,2,3,1
1855,31,Erkek,22,8280.88,29,5,3,1
1856,43,Erkek,37,503.3,111,7,2,0
1857,62,Kadin,52,13022.66,37,7,0,1
1858,44,Erkek,42,1647.87,87,2,0,0
1859,26,Kadin,12,7266.15,13,3,1,1
1860,43,Kadin,47,17820.92,32,0,4,0
1861,64,Kadin,49,2035.9,46,1,5,0
1862,39,Erkek,42,21063.79,116,1,4,1
1863,64,Erkek,38,593.59,111,7,4,0
1864,47,Kadin,18,6547.18,112,7,1,0
1865,60,Erkek,45,18652.15,23,0,4,0
1866,34,Erkek,35,8248.62,45,6,2,1
1867,43,Kadin,30,2996.36,17,3,1,1
1868,53,Kadin,24,9325.73,119,7,2,0
1869,18,Erkek,42,7124.64,104,7,1,0
1870,25,Kadin,30,21146.44,85,7,4,1
1871,52,Erkek,14,8177.02,66,1,2,0
1872,32,Erkek,6,19828.85,101,3,2,0
1873,64,Erkek,3,22350.87,6,5,2,0
1874,39,Erkek,16,11128.53,108,3,1,0
1875,31,Kadin,7,22793.61,18,2,3,0
1876,43,Kadin,52,9744.29,94,0,4,0
1877,45,Kadin,14,24119.92,22,6,2,0
1878,40,Kadin,9,2687.59,118,7,5,1
1879,31,Erkek,15,17331.97,33,7,3,0
1880,41,Erkek,21,12598.44,30,3,5,0
1881,19,Kadin,35,9997.4,81,6,4,0
1882,62,Erkek,2,16001.44,107,7,4,0
1883,43,Erkek,27,17744.5,32,6,2,0
1884,31,Erkek,2,606.9,42,5,2,1
1885,24,Kadin,35,4590.35,115,4,1,0
1886,20,Kadin,18,17969.63,78,0,3,1
1887,64,Kadin,14,16826.44,10,6,3,0
1888,40,Erkek,20,24168.16,111,1,2,0
1889,63,Kadin,18,19145.43,115,2,4,0
1890,60,Kadin,10,23793.93,36,1,2,1
1891,64,Kadin,25,17712.24,34,7,4,1
1892,62,Kadin,2,7802.28,73,5,4,0
1893,35,Kadin,25,3081.44,106,5,2,0
1894,55,Kadin,54,19654.68,28,1,0,0
1895,52,Erkek,33,16281.66,11,0,3,0
1896,32,Erkek,36,1680.56,78,1,5,0
1897,42,Kadin,31,9321.24,39,3,4,1
1898,54,Kadin,14,23941.6,119,7,4,1
1899,45,Erkek,1,12759.83,47,7,0,0
1900,27,Erkek,46,11101.86,118,1,5,1
1901,56,Kadin,16,11713.64,19,2,1,0
1902,34,Kadin,54,5617.63,118,2,0,0
1903,56,Kadin,46,9533.33,15,7,5,0
1904,39,Kadin,52,9560.42,28,4,0,0
1905,43,Erkek,3,1782.7,24,2,4,1
1906,61,Kadin,35,19305.41,72,1,3,0
1907,42,Kadin,41,10704.36,107,2,0,0
1908,34,Kadin,6,20643.41,9,7,1,0
1909,30,Kadin,25,21333.53,47,0,2,0
1910,37,Erkek,13,5693.85,33,6,5,0
1911,42,Erkek,53,16605.16,62,2,0,0
1912,21,Erkek,34,12070.9,97,3,0,0
1913,27,Kadin,8,22063.84,19,0,1,1
1914,20,Kadin,21,5785.65,67,4,3,1
1915,58,Erkek,34,17106.42,74,3,0,0
1916,62,Kadin,4,15389.93,40,1,0,1
1917,35,Kadin,25,7734.89,47,6,3,0
1918,64,Erkek,15,3846.72,106,1,1,0
1919,53,Erkek,4,16465.17,65,6,5,0
1920,64,Erkek,45,18595.64,29,6,5,0
1921,39,Erkek,12,8232.87,50,1,0,0
1922,51,Kadin,32,16298.4,98,3,3,1
1923,64,Kadin,32,10180.71,115,3,0,0
1924,25,Erkek,28,17973.57,13,6,2,0
1925,57,Kadin,13,5380.77,118,3,5,0
1926,61,Erkek,31,22310.27,1,6,4,1
1927,36,Erkek,14,7541.54,34,7,2,0
1928,59,Kadin,20,9510.76,93,6,0,0
1929,58,Erkek,18,1923.25,48,7,1,0
1930,54,Kadin,29,3232.05,111,0,5,0
1931,23,Kadin,6,13138.62,77,5,4,0
1932,43,Kadin,32,7056.02,48,0,2,1
1933,51,Kadin,29,20969.27,49,1,5,0
1934,62,Erkek,43,859.99,117,5,3,0
1935,23,Kadin,2,9787.8,64,2,1,0
1936,54,Erkek,23,8764.97,61,1,2,1
1937,50,Erkek,19,973.53,29,4,3,0
1938,39,Erkek,31,3547.03,39,0,0,0
1939,38,Erkek,51,10634.25,88,3,3,1
1940,23,Kadin,5,12575.18,26,0,2,0
1941,23,Kadin,19,10405.1,17,3,2,0
1942,21,Erkek,34,13507.97,71,5,0,0
1943,47,Erkek,10,15080.73,13,4,3,0
1944,28,Kadin,25,743.13,69,5,3,0
1945,47,Erkek,2,11870.33,26,4,0,0
1946,48,Kadin,11,24105.73,49,0,3,0
1947,41,Erkek,50,13216.29,67,3,5,0
1948,26,Kadin,31,17099.79,7,5,0,0
1949,20,Erkek,56,8140.66,58,4,1,0
1950,48,Erkek,15,19462.79,49,6,2,0
1951,57,Kadin,9,19436.58,103,1,1,1
1952,54,Erkek,23,13271.75,53,1,5,0
1953,53,Erkek,19,24412.34,65,5,5,1
1954,41,Kadin,9,3575.98,113,3,4,0
1955,48,Erkek,35,915.22,62,6,4,0
1956,23,Kadin,21,19368.88,17,5,4,0
1957,19,Kadin,9,20275.31,43,0,0,0
1958,37,Erkek,28,3445.08,25,4,3,0
1959,45,Erkek,46,7006.78,3,7,5,0
1960,28,Erkek,51,930.03,79,0,1,1
1961,21,Erkek,7,7686.06,29,1,1,0
1962,32,Erkek,16,19441.98,117,4,1,0
1963,23,Erkek,16,13190.03,107,5,1,0
1964,47,Erkek,33,9028.34,32,0,4,1
1965,55,Kadin,4,9607.61,26,2,1,0
1966,19,Erkek,4,533.16,16,7,3,0
1967,32,Kadin,39,7845.11,25,3,4,1
1968,28,Erkek,40,16338.24,54,6,1,0
1969,25,Erkek,17,24367.76,28,6,0,1
1970,43,Kadin,37,21252.99,73,3,2,0
1971,62,Erkek,39,1078.08,56,2,2,0
1972,61,Erkek,52,22514.73,65,1,2,1
1973,22,Kadin,29,19688.36,93,4,4,0
1974,23,Erkek,52,19619.22,86,3,1,0
1975,43,Erkek,36,11720.9,80,2,5,1
1976,21,Erkek,38,10251.13,41,5,5,0
1977,36,Kadin,39,7921.44,115,7,5,0
1978,37,Erkek,50,2109.52,108,6,4,0
1979,50,Erkek,37,6091.77,51,7,3,0
1980,37,Erkek,52,6541.79,118,2,0,1
1981,29,Erkek,35,12359.89,105,7,0,0
1982,64,Kadin,7,18812.39,71,1,2,0
1983,18,Kadin,27,12108.34,78,1,2,0
1984,43,Erkek,28,1917.19,29,0,5,1
1985,31,Erkek,22,23965.85,83,3,5,0
1986,55,Kadin,14,23596.75,19,0,2,0
1987,54,Kadin,7,19737.14,66,7,1,1
1988,28,Erkek,37,24787.53,41,6,3,0
1989,53,Kadin,22,13839.82,45,2,3,0
1990,30,Erkek,5,24087.82,15,4,3,0
1991,60,Kadin,55,2352.32,3,7,3,0
1992,20,Kadin,2,9459.18,11,4,2,0
1993,50,Kadin,27,6021.84,53,1,0,0
1994,23,Kadin,21,5297.91,46,4,2,1
1995,27,Erkek,54,3949.67,30,4,3,0
1996,22,Kadin,38,15749.13,57,6,2,0
1997,40,Kadin,15,19642.39,104,4,3,0
1998,27,Erkek,21,14668.31,18,7,4,1
1999,61,Kadin,10,4100.59,51,2,5,0
2000,19,Kadin,23,20372.53,48,4,0,0
